{"feat":["best","rm","jokers","drawOnly","minAcc","ent"],"mean":[5.199810606060606,0.09443475378787879,0.7054924242424242,2.115530303030303,4.635416666666667,1.0957035984848476],"std":[1.1251430726031741,0.0654391134611657,0.7805690328818555,1.746724559990972,2.3873553059173953,0.374946958655798],"beta":[-1.332089034904413,-0.272096614472194,0.152252296861723,0.11993446068678076,-0.35047005487712757,0.09748362293388202,-0.00954767541836356],"policyVersion":"0.1.0-greedy"}